epoch,loss,dice,iou,val_loss,val_dice,val_iou
1,0.6355809593823418,55.26874992582533,41.94671279854244,0.509820971875194,63.765628376233984,50.08388710989662
5,0.1946028006165775,78.43647334310744,67.97509855694241,0.2541894557552791,77.64546912896041,67.08683365704381
10,0.1501256695656634,81.98043041759067,72.12672829627991,0.2457481969103603,76.79154148795874,66.66671334654406
20,0.0863892865269931,89.29504619704353,81.78987304369608,0.2539059246979533,79.3136913389322,69.49207967523931
30,0.061139479112714,92.52067142062717,86.60715619723001,0.2699411623518812,79.2628248143313,69.32484635612695
37,0.0611343617036716,92.11948182847765,86.03921069039238,0.2603892852911338,80.09193896246258,70.17035420079428
40,0.053077230035369,93.18483074506125,87.65116069051955,0.2534706465133509,80.06166024922156,70.28609478365215
50,0.0391837798003385,95.4193863603804,91.45735833379958,0.2718243208421202,80.04125723311583,70.25575849290824
60,0.0349747696057406,95.9050820933448,92.27264258596632,0.2888330619513696,79.7972228787344,69.9423585678832
